{
  "$schema": "https://schema.management.azure.com/schemas/0.1.2-preview/CreateUIDefinition.MultiVm.json#",
  "handler": "Microsoft.Azure.CreateUIDef",
  "version": "0.1.2-preview",
  "parameters": {
    "basics": [
      {
        "name": "nameApi",
        "type": "Microsoft.Solutions.ArmApiControl",
        "request": {
          "method": "POST",
          "path": "[concat(subscription().id, '/providers/Microsoft.Storage/checkNameAvailability?api-version=2021-09-01')]",
          "body": {
            "name": "[basics('txtStorageName')]",
            "type": "Microsoft.Storage/storageAccounts"
          }
        }
      },
      {
        "name": "txtStorageName",
        "type": "Microsoft.Common.TextBox",
        "label": "Storage account name",
        "constraints": {
          "validations": [
            {
              "isValid": "[basics('nameApi').nameAvailable]",
              "message": "[basics('nameApi').message]"
            }
          ]
        }
      }
    ],
    "steps": [],
    "outputs": {
      "textBox": "[basics('txtStorageName')]"
    }
  }
}